{
  "mean_return": -7.300366257653043e-05,
  "vol": 0.009540309653958936,
  "sharpe": -0.0076521271548648335,
  "final_equity": 0.9240872661065528
}