{
  "mean_return": 8.968083171266034e-05,
  "vol": 0.007650257704213821,
  "sharpe": 0.011722589639240631,
  "final_equity": 1.0410564031834626
}