{
  "mse": 9.704341307712952e-05,
  "mae": 0.007837383320137843,
  "directional_accuracy": 0.5075075075075075
}