{
  "mse": 9.684626668870256e-05,
  "mae": 0.007816828326501926,
  "directional_accuracy": 0.5195195195195195
}